{
  "1-3": { "cabecalho": "Dia 1 de Março — São David e São Rosendo", "descricao": "vazio" },
"2-3": { "cabecalho": "Dia 2 de Março — Santa Inês da Boêmia (ou de Praga)", "descricao": "vazio" },
"3-3": { "cabecalho": "Dia 3 de Março — Santos Marino e Astério", "descricao": "vazio" },
"4-3": { "cabecalho": "Dia 4 de Março — São Casimiro", "descricao": "vazio" },
"5-3": { "cabecalho": "Dia 5 de Março — São João José da Cruz", "descricao": "vazio" },
"6-3": { "cabecalho": "Dia 6 de Março — Santa Rosa de Viterbo", "descricao": "vazio" },
"7-3": { "cabecalho": "Dia 7 de Março — Santas Perpétua e Felicidade; Santa Teresa Margarida Redi", "descricao": "vazio" },
"8-3": { "cabecalho": "Dia 8 de Março — São João de Deus", "descricao": "vazio" },
"9-3": { "cabecalho": "Dia 9 de Março — Santa Francisca Romana", "descricao": "vazio" },
"10-3": { "cabecalho": "Dia 10 de Março — Santos Mártires de Sebaste", "descricao": "vazio" },
"11-3": { "cabecalho": "Dia 11 de Março — São Eulógio", "descricao": "vazio" },
"12-3": { "cabecalho": "Dia 12 de Março — Santo Inocêncio", "descricao": "vazio" },
"13-3": { "cabecalho": "Dia 13 de Março — Santos Rodrigo e Salomão", "descricao": "vazio" },
"14-3": { "cabecalho": "Dia 14 de Março — Santa Matilde", "descricao": "vazio" },
"15-3": { "cabecalho": "Dia 15 de Março — São Longuinho; São Clemente Maria Hofbauer", "descricao": "vazio" },
"16-3": { "cabecalho": "Dia 16 de Março — Santa Eusébia", "descricao": "vazio" },
"17-3": { "cabecalho": "Dia 17 de Março — São Patrício", "descricao": "vazio" },
"18-3": { "cabecalho": "Dia 18 de Março — São Cirilo de Jerusalém", "descricao": "vazio" },
"19-3": { "cabecalho": "Dia 19 de Março — São José, esposo da Virgem Maria", "descricao": "vazio" },
"20-3": { "cabecalho": "Dia 20 de Março — Santa Maria Josefina do Coração de Jesus", "descricao": "vazio" },
"21-3": { "cabecalho": "Dia 21 de Março — São Nicolau de Flue", "descricao": "vazio" },
"22-3": { "cabecalho": "Dia 22 de Março — São Zacarias, Papa; Santa Léia", "descricao": "vazio" },
"23-3": { "cabecalho": "Dia 23 de Março — São Toríbio de Mongrovejo", "descricao": "vazio" },
"24-3": { "cabecalho": "Dia 24 de Março — Santa Catarina da Suécia; Santo Oscar Romero", "descricao": "vazio" },
"25-3": { "cabecalho": "Dia 25 de Março — Anunciação do Senhor; São Dimas", "descricao": "vazio" },
"26-3": { "cabecalho": "Dia 26 de Março — São Bráulio", "descricao": "vazio" },
"27-3": { "cabecalho": "Dia 27 de Março — São Ruperto", "descricao": "vazio" },
"28-3": { "cabecalho": "Dia 28 de Março — São Guntrano; Santa Gisela da Baviera", "descricao": "vazio" },
"29-3": { "cabecalho": "Dia 29 de Março — São Constantino", "descricao": "vazio" },
"30-3": { "cabecalho": "Dia 30 de Março — São João Clímaco", "descricao": "vazio" },
"31-3": { "cabecalho": "Dia 31 de Março — Santa Balbina; São Benjamin", "descricao": "vazio" }

}
